Plate name,Compound-X viability demo
Instrument,Generic 96-well plate reader
Protocol,MTT viability dose response
Wavelength,570 nm
,1,2,3,4,5,6,7,8,9,10,11,12
A,1.004,0.992,0.941,0.887,0.806,0.701,0.563,0.421,0.281,0.151,0.061,0.058
B,0.996,0.985,0.932,0.873,0.798,0.689,0.551,0.409,0.274,0.146,0.064,0.060
C,1.011,0.979,0.938,0.879,0.792,0.693,0.548,0.417,0.269,0.142,0.063,0.057
D,0.988,1.006,0.946,0.884,0.812,0.707,0.558,0.426,0.286,0.154,0.066,0.059
E,1.002,0.991,0.935,0.869,0.789,0.684,0.539,0.401,0.265,0.139,0.062,0.056
F,0.997,1.009,0.949,0.891,0.819,0.713,0.571,0.433,0.293,0.158,0.068,0.061
G,1.006,0.987,0.943,0.881,0.803,0.697,0.557,0.414,0.278,0.149,0.065,0.058
H,0.993,1.001,0.936,0.875,0.795,0.688,0.544,0.406,0.270,0.144,0.011,0.009
